name_vacancy,salary,name_company,location_company,location_company_link,required_experience,busyness,description,key_skills,vacancy_url
name_vacancy,salary,name_company,location_company,location_company_link,required_experience,busyness,description,key_skills,vacancy_url
Frontend - разработчик в Сбере,з/п не указана,Сбер. IT,Москва,,,,Разрабатывать интерфейсные компоненты: инфраструктура и веб-интерфейсы в зависимости от проекта/продукта. Разрабатывать клиентскую логику на JS. Разрабатывать библиотеку для...Чем будешь заниматься: Отличное знание JavaScript. Практический опыт проектирования и разработки на React. Хорошее знание HTML и CSS. ,,https://hh.ru/vacancy/47300575?from=vacancy_search_list&query=frontend
Frontend - разработчик в Сбере,з/п не указана,Сбер. IT,Москва,,,,Разрабатывать интерфейсные компоненты: инфраструктура и веб-интерфейсы в зависимости от проекта/продукта. Разрабатывать клиентскую логику на JS. Разрабатывать библиотеку для...Чем будешь заниматься: Отличное знание JavaScript. Практический опыт проектирования и разработки на React. Хорошее знание HTML и CSS. ,,https://hh.ru/vacancy/47300577?from=vacancy_search_list&query=frontend
Frontend - разработчик в Сбере,з/п не указана,Сбер. IT,Москва,,,,Разрабатывать интерфейсные компоненты: инфраструктура и веб-интерфейсы в зависимости от проекта/продукта. Разрабатывать клиентскую логику на JS. Разрабатывать библиотеку для...Чем будешь заниматься: Отличное знание JavaScript. Практический опыт проектирования и разработки на React. Хорошее знание HTML и CSS. ,,https://hh.ru/vacancy/47300579?from=vacancy_search_list&query=frontend
Vue.js Frontend Разработчик,з/п не указана,ООО МЕГА Сервис,Москва,,Требуемый опыт работы: 3–6 лет,"Полная занятость, удаленная работа","Наша команда строит систему аналитики недвижимости США.Мы ищем опытных frontend разработчиков JavaScript, которые хорошо разбираются в Vue.js. Проект включает в себя:- Big data- Аналитику- ML- Визуализацию данных- И многое другое Видео демо системы:https://youtu.be/iL4mbYzS32w Frontend stack:- Vue 2- d3- AWS Amplify- HTML/CSS- Mapbox Условия:- Full time- Remote- Отличная ЗП- Гибкий график- Оплачиваемые курсы- Отличная команда из 6 стран Если вам не интересно просто работать в пустую, если вы хотите строить что-то большое и амбициозное, давайте знакомиться!",JavaScript CSS HTML5 HTML Vue.j,https://hh.ru/vacancy/48667307?from=vacancy_search_list&query=frontend
Frontend разработчик,от 80 000 до 120 000 руб. на руки,БейсикДекор,"Бабушкинская, Москва, проезд Дежнёва, 1",https://hh.ru/search/vacancy/map?vacancy_id=48920972,Требуемый опыт работы: 1–3 года,"Полная занятость, полный день","О нас:  Работаем с 2010 года; Топ-5 интернет-магазин по продаже светильников в России; 8 филиалов в городах-миллионниках России; Более 50 партнеров в городах России, представляющих бренд BasicDecor; Ведущий поставщик в поставке освещения дизайнерам интерьера; Регулярное участие в социальных проектах; Для сотрудников компании скидки на продукцию; Возможности для дальнейшего профессионального и карьерного роста; Молодая жизнерадостная команда. Открытое к диалогу и инициативам руководство.  В связи с расширением команды ищем frontend разработчика. Пользователями ваших решений будут как клиенты интернет-магазина, так и сотрудники различных подразделений компании. Что требуется:  Знания HTML5, CSS3 Javascript (ES5/ES6) — (Async/await, Promises etc...) Axios Less/Sass Знакомство с npm/scss/flex/postcss Протокол HTTP Webpack BEM Работа с Git Понимание подхода REST  Чем надо будет заниматься:  Адаптивная и кроссбраузерная верстка HTML5, CSS3, JS (ES5, ES6+), W3C Участвовать в разработке интересных, нестандартных, продуктов Разрабатывать новый функционал и интерфейсы Участие в развитии новых продуктов  Что мы предлагаем:  Отлаженные процессы разработки Нетривиальные и интересные задачи Заработная плата по результатам собеседования Стабильные и своевременные выплаты заработной платы 2 раза в месяц График 5/2 время на выбор: 9-18/ 10-19/ 11-20 Оформление по ТК РФ (оплачиваемые больничные листы и отпуск) Дружная команда, в которой царит уютная рабочая атмосфера Офис в шаговой доступности от м. Бабушкинская, БЦ Дежнев Плаза ",JavaScript CSS3 Git HTML5 Sas,https://hh.ru/vacancy/48920972?from=vacancy_search_list&query=frontend
Frontend-разработчик,от 150 000 руб. на руки,ООО ЮНИМ,"Москва, Подсосенский переулок, 23с6",https://hh.ru/search/vacancy/map?vacancy_id=48699169,Требуемый опыт работы: 1–3 года,"Полная занятость, полный день","Чем мы занимаемся: * Разрабатываем сложный многокомпонентный софт для онкодиагностики с применением современных технологий; * Много экспериментируем с технологиями и инструментами; * Активно используем линтеры, автосборки, автотесты и прочие современные вещи. Какие технологии мы используем: * React (hooks) и Typescript - в новых проектах; * Vue - в старых проектах; * Svelte + SvelteKit + Typescript для микрофронтендов по особым случаям; * Rollup, Webpack, SCSS, Jest и многое другое как вспомогательные инструменты; * Node.JS; * Docker/docker-compose; * Gitlab и Gitlab CI.   Чем тебе предстоит заниматься: * Писать и поддерживать новый код на React; * Рефакторить и поддерживать старый код на Vue; * Изредка поддерживать старый код на Node.JS для совместимости с новым кодом; * Экспериментировать и решать нестандартные задачи на Svelte; * Проводить и проходить ревью; * и решать другие frontend-задачи.   Чего мы ждем: * Отличное знание JS (асинхронные операции, ES6-синтаксис и т. д.); * Опыт коммерческой разработки на базе любых UI-фреймворков (React, Vue, Svelte и др.); * Желание работать со Vue и React (hooks); * Знание HTML+CSS; * Умение работать с Docker/docker-compose; * Опыт работы с современным frontend-стеком (линтеры, бандлеры, транспиляторы, CSS-extensions etc); * Заинтересованность во frontend-разработке и желание в ней развиваться. Плюсом будет: * Опыт работы с Typescript / Svelte / Rollup; * Опыт бэкенд-разработки — Node.JS, SQL и т.д.; * Дух экспериментаторства.   Преимущества работы с нами: * Любим пробовать новое и интересное для решений задач — стек технологий и архитектурных решений ограничен только здравым смыслом; * Интересные люди вокруг — в процессе работы над некоторыми задачами можно (а иногда и нужно) общаться с врачами-диагностами и персоналом лаборатории. Можно приехать в лабораторию в Сколково и получить персональную экскурсию ;) * Крутой контекст. Софт в онкодиагностической лаборатории круче онлайн-магазинов или доставки еды ;) * Открытая и дружелюбная команда, готовая рассказать/посоветовать/помочь; * Все используемые технологии — современные (даже в легаси); * Полная удалёнка с гибким рабочим графиком — можно даже менять местами рабочие дни.",JavaScript TypeScript Git Adobe Photoshop Webpac,https://hh.ru/vacancy/48699169?from=vacancy_search_list&query=frontend
name_vacancy,salary,name_company,location_company,location_company_link,required_experience,busyness,description,key_skills,vacancy_url
Frontend-разработчик,от 100 000 до 150 000 руб. на руки,Наймиум,Москва,,Требуемый опыт работы: не требуется,"Полная занятость, удаленная работа","Привет! Мы ищем Frontend-разработчика уровня не ниже Middle в компанию Thesis. Компания Thesis - это стабильный игрок на рынке разработки web-дизайна. Основное направление её деятельности - это создание обучающих порталов, сайтов. Клиентами компании являются такие крупные игроки как: СберУниверситет, Ростелеком, МИСиС, EdCrunch, Просвещение. Тезис является победителем в секторе “Обучение” в кейс-чемпионате Position Oneum.Более того, конкурс проходил обезличенным и жюри выбирало именно по качеству продукта, не зная какие создатели стоят за всем этим. Тем самым Тезис взяли первое место, обойдя конкурентов более, чем на треть баллов. Учредители компании запустили не просто бизнес ради бизнеса, а любят свой продукт всей душой и принимают непосредственное участие во всех бизнес процессах. Кого мы ждем:    У тебя есть опыт работы минимум от 1 года на данной позиции.   У тебя есть уверенное владение современными HTML, CSS, Javascript;   Хорошее знание фреймворка Vue.js;   Ты способен быстро обучаться и писать консистентный код;   Хорошо знаешь кроссбраузерную и кросс-платформенную адаптивную верстку;   Умеешь работать с git и Webpack.   Что нужно будет делать:   Заниматься адаптивной и кроссбраузерной версткой сайтов;   Дорабатывать существующие проекты, повышать их удобство;   Создавать реактивные компоненты, заниматься написанием скриптов;   Поддерживать и развивать текущую архитектуру на основе виджетов и компонентов;   Заниматься разработкой новых npm модулей для существующих веб-приложений; компонентов на Vue;   Проводить рефакторинг (улучшение и оптимизацию кода) существующих проектов;   Взаимодействовать с дизайнерами и разработчиками;   Работать с Jira.   Условия:   Оформление договора с ИП или Самозанятым.   Удаленный формат работы (но можно и в офисе по желанию).   Достойный уровень дохода. (Детально обсуждается на собеседовании, уровень дохода зависит от ваших навыков).   Возможность участвовать в масштабных и образовательных проектах (платформы, LMS).   Профессиональный рост, крутой тимлид, дружная команда.   Если тебя заинтересовала вакансия и у тебя есть необходимые навыки - отправляй свой отклик!",JavaScript Git CSS3 HTML5 HTML Кроссбраузерная верстка Адаптивная верстка Vue.js Webpack Консистентный код Vue Atlassian Jira CSS Jir,https://hh.ru/vacancy/48091208?from=vacancy_search_list&query=frontend
name_vacancy,salary,name_company,location_company,location_company_link,required_experience,busyness,description,key_skills,vacancy_url
Frontend - разработчик в Сбере,з/п не указана,Сбер. IT,Москва,,,,Разрабатывать интерфейсные компоненты: инфраструктура и веб-интерфейсы в зависимости от проекта/продукта. Разрабатывать клиентскую логику на JS. Разрабатывать библиотеку для...Чем будешь заниматься: Отличное знание JavaScript. Практический опыт проектирования и разработки на React. Хорошее знание HTML и CSS. ,,https://hh.ru/vacancy/47300575?from=vacancy_search_list&query=frontend
Frontend - разработчик в Сбере,з/п не указана,Сбер. IT,Москва,,,,Разрабатывать интерфейсные компоненты: инфраструктура и веб-интерфейсы в зависимости от проекта/продукта. Разрабатывать клиентскую логику на JS. Разрабатывать библиотеку для...Чем будешь заниматься: Отличное знание JavaScript. Практический опыт проектирования и разработки на React. Хорошее знание HTML и CSS. ,,https://hh.ru/vacancy/47300577?from=vacancy_search_list&query=frontend
Frontend - разработчик в Сбере,з/п не указана,Сбер. IT,Москва,,,,Разрабатывать интерфейсные компоненты: инфраструктура и веб-интерфейсы в зависимости от проекта/продукта. Разрабатывать клиентскую логику на JS. Разрабатывать библиотеку для...Чем будешь заниматься: Отличное знание JavaScript. Практический опыт проектирования и разработки на React. Хорошее знание HTML и CSS. ,,https://hh.ru/vacancy/47300579?from=vacancy_search_list&query=frontend
Vue.js Frontend Разработчик,з/п не указана,ООО МЕГА Сервис,Москва,,Требуемый опыт работы: 3–6 лет,"Полная занятость, удаленная работа","Наша команда строит систему аналитики недвижимости США.Мы ищем опытных frontend разработчиков JavaScript, которые хорошо разбираются в Vue.js. Проект включает в себя:- Big data- Аналитику- ML- Визуализацию данных- И многое другое Видео демо системы:https://youtu.be/iL4mbYzS32w Frontend stack:- Vue 2- d3- AWS Amplify- HTML/CSS- Mapbox Условия:- Full time- Remote- Отличная ЗП- Гибкий график- Оплачиваемые курсы- Отличная команда из 6 стран Если вам не интересно просто работать в пустую, если вы хотите строить что-то большое и амбициозное, давайте знакомиться!",JavaScript CSS HTML5 HTML Vue.j,https://hh.ru/vacancy/48667307?from=vacancy_search_list&query=frontend
Frontend-разработчик,от 150 000 руб. на руки,ООО ЮНИМ,"Москва, Подсосенский переулок, 23с6",https://hh.ru/search/vacancy/map?vacancy_id=48699169,Требуемый опыт работы: 1–3 года,"Полная занятость, полный день","Чем мы занимаемся: * Разрабатываем сложный многокомпонентный софт для онкодиагностики с применением современных технологий; * Много экспериментируем с технологиями и инструментами; * Активно используем линтеры, автосборки, автотесты и прочие современные вещи. Какие технологии мы используем: * React (hooks) и Typescript - в новых проектах; * Vue - в старых проектах; * Svelte + SvelteKit + Typescript для микрофронтендов по особым случаям; * Rollup, Webpack, SCSS, Jest и многое другое как вспомогательные инструменты; * Node.JS; * Docker/docker-compose; * Gitlab и Gitlab CI.   Чем тебе предстоит заниматься: * Писать и поддерживать новый код на React; * Рефакторить и поддерживать старый код на Vue; * Изредка поддерживать старый код на Node.JS для совместимости с новым кодом; * Экспериментировать и решать нестандартные задачи на Svelte; * Проводить и проходить ревью; * и решать другие frontend-задачи.   Чего мы ждем: * Отличное знание JS (асинхронные операции, ES6-синтаксис и т. д.); * Опыт коммерческой разработки на базе любых UI-фреймворков (React, Vue, Svelte и др.); * Желание работать со Vue и React (hooks); * Знание HTML+CSS; * Умение работать с Docker/docker-compose; * Опыт работы с современным frontend-стеком (линтеры, бандлеры, транспиляторы, CSS-extensions etc); * Заинтересованность во frontend-разработке и желание в ней развиваться. Плюсом будет: * Опыт работы с Typescript / Svelte / Rollup; * Опыт бэкенд-разработки — Node.JS, SQL и т.д.; * Дух экспериментаторства.   Преимущества работы с нами: * Любим пробовать новое и интересное для решений задач — стек технологий и архитектурных решений ограничен только здравым смыслом; * Интересные люди вокруг — в процессе работы над некоторыми задачами можно (а иногда и нужно) общаться с врачами-диагностами и персоналом лаборатории. Можно приехать в лабораторию в Сколково и получить персональную экскурсию ;) * Крутой контекст. Софт в онкодиагностической лаборатории круче онлайн-магазинов или доставки еды ;) * Открытая и дружелюбная команда, готовая рассказать/посоветовать/помочь; * Все используемые технологии — современные (даже в легаси); * Полная удалёнка с гибким рабочим графиком — можно даже менять местами рабочие дни.",JavaScript TypeScript Git Adobe Photoshop Webpac,https://hh.ru/vacancy/48699169?from=vacancy_search_list&query=frontend
Frontend разработчик,от 80 000 до 120 000 руб. на руки,БейсикДекор,"Бабушкинская, Москва, проезд Дежнёва, 1",https://hh.ru/search/vacancy/map?vacancy_id=48920972,Требуемый опыт работы: 1–3 года,"Полная занятость, полный день","О нас:  Работаем с 2010 года; Топ-5 интернет-магазин по продаже светильников в России; 8 филиалов в городах-миллионниках России; Более 50 партнеров в городах России, представляющих бренд BasicDecor; Ведущий поставщик в поставке освещения дизайнерам интерьера; Регулярное участие в социальных проектах; Для сотрудников компании скидки на продукцию; Возможности для дальнейшего профессионального и карьерного роста; Молодая жизнерадостная команда. Открытое к диалогу и инициативам руководство.  В связи с расширением команды ищем frontend разработчика. Пользователями ваших решений будут как клиенты интернет-магазина, так и сотрудники различных подразделений компании. Что требуется:  Знания HTML5, CSS3 Javascript (ES5/ES6) — (Async/await, Promises etc...) Axios Less/Sass Знакомство с npm/scss/flex/postcss Протокол HTTP Webpack BEM Работа с Git Понимание подхода REST  Чем надо будет заниматься:  Адаптивная и кроссбраузерная верстка HTML5, CSS3, JS (ES5, ES6+), W3C Участвовать в разработке интересных, нестандартных, продуктов Разрабатывать новый функционал и интерфейсы Участие в развитии новых продуктов  Что мы предлагаем:  Отлаженные процессы разработки Нетривиальные и интересные задачи Заработная плата по результатам собеседования Стабильные и своевременные выплаты заработной платы 2 раза в месяц График 5/2 время на выбор: 9-18/ 10-19/ 11-20 Оформление по ТК РФ (оплачиваемые больничные листы и отпуск) Дружная команда, в которой царит уютная рабочая атмосфера Офис в шаговой доступности от м. Бабушкинская, БЦ Дежнев Плаза ",JavaScript CSS3 Git HTML5 Sas,https://hh.ru/vacancy/48920972?from=vacancy_search_list&query=frontend
Front-end разработчик,от 300 000 до 700 000 руб. до вычета налогов,PointPay,Москва,,Требуемый опыт работы: более 6 лет,"Полная занятость, удаленная работа","Мы – криптовалютная банковская экосистема, входящая в 5-ку лидеров своего направления. Наша компания растет и развивается, в связи с этим мы сейчас в поиске специалистов для отдела разработки, чтобы вместе создавать революционный и самый технологичный продукт в мире.   Обязанности сотрудника: • ежедневно общаться с проектным менеджером, дизайнерами и командой разработчиков через систему тикетов; • создавать красивые адаптивные страницы, используя самые инновационные решения; • принимать участие в обсуждении лучших и наиболее эффективных решений для проекта   Обязательные требования: • опыт в создании веб-приложений в профессиональной команде (>3-х лет); • Angular 8, Angular 7. • хорошие навыки NGRX (Redux), HTML + CSS • pixelperfect • SCSS • Jira, Bitbucket, Figma, npm, RxJs.   Будет плюсом: • знание шаблонов пользовательского интерфейса и методов проектирования и разработки веб-приложений. Условия работы: • заработная плата выше рынка (обсуждается на собеседовании). Возможности компании не ограничены - вы будете приятно удивлены. • удалённая работа 5/2 и гибкий график; • интересные и живые проекты, нестандартные задачи, возможность влиять на продукт; • низкий уровень бюрократии и контроля; • сотрудничество с суперзвёздной командой; • реальные перспективы роста и возможности развивать свои навыки в мировой компании, разрабатывая и внедряя свои идеи для нашего огромного сообщества пользователей.",CSS JavaScript Angular TypeScript HTM,https://hh.ru/vacancy/49033557?from=vacancy_search_list&query=frontend
Frontend-разработчик,от 200 000 руб. до вычета налогов,Ucheba.ru,Москва,,Требуемый опыт работы: 3–6 лет,"Полная занятость, удаленная работа","Учёба.ру — это популярный в России интернет-сервис, помогающий молодым людям выбирать образование и готовиться к поступлению, а учебным заведениям — находить своих студентов. Мы активно растем и развиваемся. Уже сегодня нашими продуктами пользуется более 2 млн человек в месяц. Чем мы занимаемся?   Разрабатываем базу данных и сервисы для поиска и сравнения учебных заведений и образовательных программ в России и по всему миру.   Создаем профориентационные онлайн-сервисы, помогающие молодым людям выбрать профессию, специальность и составить индивидуальный план поступления и подготовки.   Работаем над созданием CRM-системы для учебных заведений, позволяющей управлять базой абитуриентов, проводить маркетинговые кампании по привлечению и анализировать их эффективность.   Разрабатываем собственную онлайн-платформу для подготовки к поступлению.   Наша цель — стать лидером в России и выйти на международный рынок, чтобы стать глобальной компанией, помогающей молодым людям по всему миру выбирать образование, готовиться к поступлению и планировать карьеру, чтобы быть более успешными в жизни. Для вас — это возможность присоединиться к команде в начале большого пути и вырасти вместе с нами. Сейчас мы ищем в команду опытного frontend-разработчика для создания нового веб-приложения сайта Учёба.ру. Также мы планируем разработку мобильных приложений на базе React Native. В данный момент, пока разработка находится на начальном этапе, у вас есть возможность разработать такой фронтенд, о котором вы давно мечтали и сделать это в команде настоящих профессионалов. Так как на первых этапах команда frontend-разработчиков будет не очень большая, в ваших руках будет сосредоточено очень много возможностей по реализации своих идей, а так же много интересных и разносторонних задач. Вы сможете стать core разработчиком нового веб-приложения одного из самых крупных образовательных порталов в России и расти вместе с продуктом. Требования:   Отличное знание нативного JavaScript и особенностей его работы.   Отличное знание HTML и CSS, кроссбраузерная и адаптивная верстка.   Хорошие знания TypeScript.   Опыт работы и хорошие знания React, Redux.   Понимание архитектуры SPA/SSR-приложений, Flux, компонентного подхода, функционального и объектно-ориентированного программирования.   Преимуществом будет:   Опыт работы с Next.js.   Опыт работы со Styled Components.   Знание Node.js и принципов его работы.   Опыт работы с гибридными приложениями. Особенно на React Native.   Знание и опыт применения инструментов автоматизации разработки, тестирования и деплоя.   Опыт работы с гибкими методологиями разработки (SCRUM, Agile).   Знание английского языка на уровне необходимом для чтения технической документации.   Полная самоходность, проактивность, здоровый перфекционизм, готовность целиком погружаться в задачи продукта.   Что мы предлагаем вам?   Интересный, полезный и социально значимый продукт.   Использование самых современных технологий и тенденций во frontend разработке: PWA, ES6/7, Service workers, React, Redux, Webpack, Split-chunking и многое другое.   Небольшую, но профессиональную и дружную команду, где всем не всё равно.   Возможность работать удаленно и в удобном для вас графике.   Мощное железо и всё необходимое для работы.   Достойную зарплату.   Ключевые навыки JavaScript, HTML, CSS, Node.js, CSS3, React, Redux, TypeScript, Next.js, StyledComponents, SSR",JavaScript Redux CSS3 React HTML,https://hh.ru/vacancy/48850481?from=vacancy_search_list&query=frontend
Frontend-разработчик,до 380 000 руб. на руки,Точка,Москва,,Требуемый опыт работы: 3–6 лет,"Полная занятость, полный день",Работать с SPA. Читать и понимать чужой код. Делать Code Review. Написание тестов. Оптимизация своего и чужого кода. Писать чистый и понятный код. JavaScript (es2020+). CSS + SASS. Желательно и будет плюсом: Знание: GraphQL / Apollo. ,JS react typescrip,https://hh.ru/vacancy/48293156?from=vacancy_search_list&query=frontend
Frontend Developer (React),от 180 000 до 330 000 руб. на руки,Wanted,Москва,,Требуемый опыт работы: 3–6 лет,"Полная занятость, удаленная работа","Мы - продуктовая компания, занимаемся разработкой инновационных решений в области игр и развлекательного контента, и сегодня мы на стадии активного развития. Мы разрабатываем игру в формате real-time с наложенным пользовательским интерфейсом. Это веб-приложение, доступное из любой точки мира, богатое на интересности:   микросервисная архитектура приложения   highload (задача в первый год держать 5 000 подключений, 3 года - 15 000 подключений)   видео стриминг ultra low latency (в пределах 2-х секунд)   разворачиваем специализированный CDN для быстрой доставки наших продуктов в любую точку мира.   Это масштабный, технологически сложный и в тоже время очень интересный, глобальный проект - частью которого можете стать Вы! Наша команда состоит из опытных специалистов, которые постоянно повышают свой уровень и открыты к новым технологиям. Для всех, кто никогда не стоит на месте мы гарантируем профессиональный рост по компетенциям или в лидерство. Для вас:  Заработная плата до 4500 USD на руки (после вычета налогов) Удаленный формат работы Гибкий график - вас никто не заставляет начинать работу в конкретное время, главное - присутствовать на встречах и выполнять поставленные задачи в срок Отсутствие бюрократии Минимум легаси Активное общение внутри команды, любые предложения по реализации задачи приветствуются!  Для нас важно:  Опыт веб-разработки на React, Typescript от 3-х лет Приветствуется опыт с Redux/Mobx, Express, GraphQL, знание Styled-components, WebSockets опыт работы с Git, Docker опыт работы с любым сборщиком (Webpack, Gulp и т.д.)  Оставляйте ваши отклики, чтобы вместе с нами разрабатывать сложные интерфейсы и взаимодействия и развивать интересный и современный проект!",JavaScript TypeScript React Express Git Docker Webpac,https://hh.ru/vacancy/49058459?from=vacancy_search_list&query=frontend
Junior Frontend-разработчик,з/п не указана,Post Scriptum - студия рекламного дизайна,"Серпуховская, Москва, улица Щипок, 22с4",https://hh.ru/search/vacancy/map?vacancy_id=48839256,Требуемый опыт работы: не требуется,"Полная занятость, полный день","Ищем Frontend-разработчика в нашу растущую команду!Обязанности: - хорошие знания HTML, CSS, JavaScript (ES6+), DOM - обязательное наличие портфолио на github/bitbucket etc. - умение верстать валидно и кроссбраузерно, владение БЭМ - умение анимировать: CSS-анимации/GSAP - опыт работы с React/Vue. - работа с системой контроля версий Git - figma на уровне нарезки макета - представление о возможностях интерактива в современных браузерах; - опыт работы с Safari (iOS/MacOS) Условия: Комфортный офис в центре Москвы. Или удаленка после испытательного срока. Полная занятость 5/2, с 10 до 19. Коллектив – 25 человек, дружественная обстановка. Оплата – по результатам собеседования в зависимости от уровня знаний с перспективой роста. Мы приветствуем и поддерживаем желание профессионально расти и получать новые знания (курсы, тренинги)!",Git CSS HTML Figma reac,https://hh.ru/vacancy/48839256?from=vacancy_search_list&query=frontend
name_vacancy,salary,name_company,location_company,location_company_link,required_experience,busyness,description,key_skills,vacancy_url
name_vacancy,salary,name_company,location_company,location_company_link,required_experience,busyness,description,key_skills,vacancy_url
name_vacancy,salary,name_company,location_company,location_company_link,required_experience,busyness,description,key_skills,vacancy_url
Frontend - СЂР°Р·СЂР°Р±РѕС‚С‡РёРє РІ РЎР±РµСЂРµ,Р·/Рї РЅРµ СѓРєР°Р·Р°РЅР°,РЎР±РµСЂ. IT,РњРѕСЃРєРІР°,,,,Р Р°Р·СЂР°Р±Р°С‚С‹РІР°С‚СЊ РёРЅС‚РµСЂС„РµР№СЃРЅС‹Рµ РєРѕРјРїРѕРЅРµРЅС‚С‹: РёРЅС„СЂР°СЃС‚СЂСѓРєС‚СѓСЂР° Рё РІРµР±-РёРЅС‚РµСЂС„РµР№СЃС‹ РІ Р·Р°РІРёСЃРёРјРѕСЃС‚Рё РѕС‚ РїСЂРѕРµРєС‚Р°/РїСЂРѕРґСѓРєС‚Р°. Р Р°Р·СЂР°Р±Р°С‚С‹РІР°С‚СЊ РєР»РёРµРЅС‚СЃРєСѓСЋ Р»РѕРіРёРєСѓ РЅР° JS. Р Р°Р·СЂР°Р±Р°С‚С‹РІР°С‚СЊ Р±РёР±Р»РёРѕС‚РµРєСѓ РґР»СЏ...Р§РµРј Р±СѓРґРµС€СЊ Р·Р°РЅРёРјР°С‚СЊСЃСЏ: РћС‚Р»РёС‡РЅРѕРµ Р·РЅР°РЅРёРµ JavaScript. РџСЂР°РєС‚РёС‡РµСЃРєРёР№ РѕРїС‹С‚ РїСЂРѕРµРєС‚РёСЂРѕРІР°РЅРёСЏ Рё СЂР°Р·СЂР°Р±РѕС‚РєРё РЅР° React. РҐРѕСЂРѕС€РµРµ Р·РЅР°РЅРёРµ HTML Рё CSS. ,,https://hh.ru/vacancy/47300575?from=vacancy_search_list&query=frontend
Frontend - СЂР°Р·СЂР°Р±РѕС‚С‡РёРє РІ РЎР±РµСЂРµ,Р·/Рї РЅРµ СѓРєР°Р·Р°РЅР°,РЎР±РµСЂ. IT,РњРѕСЃРєРІР°,,,,Р Р°Р·СЂР°Р±Р°С‚С‹РІР°С‚СЊ РёРЅС‚РµСЂС„РµР№СЃРЅС‹Рµ РєРѕРјРїРѕРЅРµРЅС‚С‹: РёРЅС„СЂР°СЃС‚СЂСѓРєС‚СѓСЂР° Рё РІРµР±-РёРЅС‚РµСЂС„РµР№СЃС‹ РІ Р·Р°РІРёСЃРёРјРѕСЃС‚Рё РѕС‚ РїСЂРѕРµРєС‚Р°/РїСЂРѕРґСѓРєС‚Р°. Р Р°Р·СЂР°Р±Р°С‚С‹РІР°С‚СЊ РєР»РёРµРЅС‚СЃРєСѓСЋ Р»РѕРіРёРєСѓ РЅР° JS. Р Р°Р·СЂР°Р±Р°С‚С‹РІР°С‚СЊ Р±РёР±Р»РёРѕС‚РµРєСѓ РґР»СЏ...Р§РµРј Р±СѓРґРµС€СЊ Р·Р°РЅРёРјР°С‚СЊСЃСЏ: РћС‚Р»РёС‡РЅРѕРµ Р·РЅР°РЅРёРµ JavaScript. РџСЂР°РєС‚РёС‡РµСЃРєРёР№ РѕРїС‹С‚ РїСЂРѕРµРєС‚РёСЂРѕРІР°РЅРёСЏ Рё СЂР°Р·СЂР°Р±РѕС‚РєРё РЅР° React. РҐРѕСЂРѕС€РµРµ Р·РЅР°РЅРёРµ HTML Рё CSS. ,,https://hh.ru/vacancy/47300577?from=vacancy_search_list&query=frontend
Frontend - СЂР°Р·СЂР°Р±РѕС‚С‡РёРє РІ РЎР±РµСЂРµ,Р·/Рї РЅРµ СѓРєР°Р·Р°РЅР°,РЎР±РµСЂ. IT,РњРѕСЃРєРІР°,,,,Р Р°Р·СЂР°Р±Р°С‚С‹РІР°С‚СЊ РёРЅС‚РµСЂС„РµР№СЃРЅС‹Рµ РєРѕРјРїРѕРЅРµРЅС‚С‹: РёРЅС„СЂР°СЃС‚СЂСѓРєС‚СѓСЂР° Рё РІРµР±-РёРЅС‚РµСЂС„РµР№СЃС‹ РІ Р·Р°РІРёСЃРёРјРѕСЃС‚Рё РѕС‚ РїСЂРѕРµРєС‚Р°/РїСЂРѕРґСѓРєС‚Р°. Р Р°Р·СЂР°Р±Р°С‚С‹РІР°С‚СЊ РєР»РёРµРЅС‚СЃРєСѓСЋ Р»РѕРіРёРєСѓ РЅР° JS. Р Р°Р·СЂР°Р±Р°С‚С‹РІР°С‚СЊ Р±РёР±Р»РёРѕС‚РµРєСѓ РґР»СЏ...Р§РµРј Р±СѓРґРµС€СЊ Р·Р°РЅРёРјР°С‚СЊСЃСЏ: РћС‚Р»РёС‡РЅРѕРµ Р·РЅР°РЅРёРµ JavaScript. РџСЂР°РєС‚РёС‡РµСЃРєРёР№ РѕРїС‹С‚ РїСЂРѕРµРєС‚РёСЂРѕРІР°РЅРёСЏ Рё СЂР°Р·СЂР°Р±РѕС‚РєРё РЅР° React. РҐРѕСЂРѕС€РµРµ Р·РЅР°РЅРёРµ HTML Рё CSS. ,,https://hh.ru/vacancy/47300579?from=vacancy_search_list&query=frontend
Vue.js Frontend Р Р°Р·СЂР°Р±РѕС‚С‡РёРє,Р·/Рї РЅРµ СѓРєР°Р·Р°РЅР°,РћРћРћВ РњР•Р“Рђ РЎРµСЂРІРёСЃ,РњРѕСЃРєРІР°,,РўСЂРµР±СѓРµРјС‹Р№ РѕРїС‹С‚ СЂР°Р±РѕС‚С‹: 3вЂ“6 Р»РµС‚,"РџРѕР»РЅР°СЏ Р·Р°РЅСЏС‚РѕСЃС‚СЊ, СѓРґР°Р»РµРЅРЅР°СЏ СЂР°Р±РѕС‚Р°","РќР°С€Р° РєРѕРјР°РЅРґР° СЃС‚СЂРѕРёС‚ СЃРёСЃС‚РµРјСѓ Р°РЅР°Р»РёС‚РёРєРё РЅРµРґРІРёР¶РёРјРѕСЃС‚Рё РЎРЁРђ.РњС‹ РёС‰РµРј РѕРїС‹С‚РЅС‹С… frontend СЂР°Р·СЂР°Р±РѕС‚С‡РёРєРѕРІ JavaScript, РєРѕС‚РѕСЂС‹Рµ С…РѕСЂРѕС€Рѕ СЂР°Р·Р±РёСЂР°СЋС‚СЃСЏ РІ Vue.js. РџСЂРѕРµРєС‚ РІРєР»СЋС‡Р°РµС‚ РІ СЃРµР±СЏ:- Big data- РђРЅР°Р»РёС‚РёРєСѓ- ML- Р’РёР·СѓР°Р»РёР·Р°С†РёСЋ РґР°РЅРЅС‹С…- Р РјРЅРѕРіРѕРµ РґСЂСѓРіРѕРµ Р’РёРґРµРѕ РґРµРјРѕ СЃРёСЃС‚РµРјС‹:https://youtu.be/iL4mbYzS32w Frontend stack:- Vue 2- d3- AWS Amplify- HTML/CSS- Mapbox РЈСЃР»РѕРІРёСЏ:- Full time- Remote- РћС‚Р»РёС‡РЅР°СЏ Р—Рџ- Р“РёР±РєРёР№ РіСЂР°С„РёРє- РћРїР»Р°С‡РёРІР°РµРјС‹Рµ РєСѓСЂСЃС‹- РћС‚Р»РёС‡РЅР°СЏ РєРѕРјР°РЅРґР° РёР· 6 СЃС‚СЂР°РЅ Р•СЃР»Рё РІР°Рј РЅРµ РёРЅС‚РµСЂРµСЃРЅРѕ РїСЂРѕСЃС‚Рѕ СЂР°Р±РѕС‚Р°С‚СЊ РІ РїСѓСЃС‚СѓСЋ, РµСЃР»Рё РІС‹ С…РѕС‚РёС‚Рµ СЃС‚СЂРѕРёС‚СЊ С‡С‚Рѕ-С‚Рѕ Р±РѕР»СЊС€РѕРµ Рё Р°РјР±РёС†РёРѕР·РЅРѕРµ, РґР°РІР°Р№С‚Рµ Р·РЅР°РєРѕРјРёС‚СЊСЃСЏ!",JavaScript CSS HTML5 HTML Vue.j,https://hh.ru/vacancy/48667307?from=vacancy_search_list&query=frontend
Frontend СЂР°Р·СЂР°Р±РѕС‚С‡РёРє,РѕС‚ 80В 000 РґРѕ 120В 000 СЂСѓР±. РЅР° СЂСѓРєРё,Р‘РµР№СЃРёРєР”РµРєРѕСЂ,"Р‘Р°Р±СѓС€РєРёРЅСЃРєР°СЏ, РњРѕСЃРєРІР°, РїСЂРѕРµР·Рґ Р”РµР¶РЅС‘РІР°, 1",https://hh.ru/search/vacancy/map?vacancy_id=48920972,РўСЂРµР±СѓРµРјС‹Р№ РѕРїС‹С‚ СЂР°Р±РѕС‚С‹: 1вЂ“3 РіРѕРґР°,"РџРѕР»РЅР°СЏ Р·Р°РЅСЏС‚РѕСЃС‚СЊ, РїРѕР»РЅС‹Р№ РґРµРЅСЊ","Рћ РЅР°СЃ:  Р Р°Р±РѕС‚Р°РµРј СЃ 2010 РіРѕРґР°; РўРѕРї-5 РёРЅС‚РµСЂРЅРµС‚-РјР°РіР°Р·РёРЅ РїРѕ РїСЂРѕРґР°Р¶Рµ СЃРІРµС‚РёР»СЊРЅРёРєРѕРІ РІ Р РѕСЃСЃРёРё; 8 С„РёР»РёР°Р»РѕРІ РІ РіРѕСЂРѕРґР°С…-РјРёР»Р»РёРѕРЅРЅРёРєР°С… Р РѕСЃСЃРёРё; Р‘РѕР»РµРµ 50 РїР°СЂС‚РЅРµСЂРѕРІ РІ РіРѕСЂРѕРґР°С… Р РѕСЃСЃРёРё, РїСЂРµРґСЃС‚Р°РІР»СЏСЋС‰РёС… Р±СЂРµРЅРґ BasicDecor; Р’РµРґСѓС‰РёР№ РїРѕСЃС‚Р°РІС‰РёРє РІ РїРѕСЃС‚Р°РІРєРµ РѕСЃРІРµС‰РµРЅРёСЏ РґРёР·Р°Р№РЅРµСЂР°Рј РёРЅС‚РµСЂСЊРµСЂР°; Р РµРіСѓР»СЏСЂРЅРѕРµ СѓС‡Р°СЃС‚РёРµ РІ СЃРѕС†РёР°Р»СЊРЅС‹С… РїСЂРѕРµРєС‚Р°С…; Р”Р»СЏ СЃРѕС‚СЂСѓРґРЅРёРєРѕРІ РєРѕРјРїР°РЅРёРё СЃРєРёРґРєРё РЅР° РїСЂРѕРґСѓРєС†РёСЋ; Р’РѕР·РјРѕР¶РЅРѕСЃС‚Рё РґР»СЏ РґР°Р»СЊРЅРµР№С€РµРіРѕ РїСЂРѕС„РµСЃСЃРёРѕРЅР°Р»СЊРЅРѕРіРѕ Рё РєР°СЂСЊРµСЂРЅРѕРіРѕ СЂРѕСЃС‚Р°; РњРѕР»РѕРґР°СЏ Р¶РёР·РЅРµСЂР°РґРѕСЃС‚РЅР°СЏ РєРѕРјР°РЅРґР°. РћС‚РєСЂС‹С‚РѕРµ Рє РґРёР°Р»РѕРіСѓ Рё РёРЅРёС†РёР°С‚РёРІР°Рј СЂСѓРєРѕРІРѕРґСЃС‚РІРѕ.  Р’ СЃРІСЏР·Рё СЃ СЂР°СЃС€РёСЂРµРЅРёРµРј РєРѕРјР°РЅРґС‹ РёС‰РµРј frontend СЂР°Р·СЂР°Р±РѕС‚С‡РёРєР°. РџРѕР»СЊР·РѕРІР°С‚РµР»СЏРјРё РІР°С€РёС… СЂРµС€РµРЅРёР№ Р±СѓРґСѓС‚ РєР°Рє РєР»РёРµРЅС‚С‹ РёРЅС‚РµСЂРЅРµС‚-РјР°РіР°Р·РёРЅР°, С‚Р°Рє Рё СЃРѕС‚СЂСѓРґРЅРёРєРё СЂР°Р·Р»РёС‡РЅС‹С… РїРѕРґСЂР°Р·РґРµР»РµРЅРёР№ РєРѕРјРїР°РЅРёРё. Р§С‚Рѕ С‚СЂРµР±СѓРµС‚СЃСЏ:  Р—РЅР°РЅРёСЏ HTML5, CSS3 Javascript (ES5/ES6) вЂ” (Async/await, Promises etc...) Axios Less/Sass Р—РЅР°РєРѕРјСЃС‚РІРѕ СЃ npm/scss/flex/postcss РџСЂРѕС‚РѕРєРѕР» HTTP Webpack BEM Р Р°Р±РѕС‚Р° СЃ Git РџРѕРЅРёРјР°РЅРёРµ РїРѕРґС…РѕРґР° REST  Р§РµРј РЅР°РґРѕ Р±СѓРґРµС‚ Р·Р°РЅРёРјР°С‚СЊСЃСЏ:  РђРґР°РїС‚РёРІРЅР°СЏ Рё РєСЂРѕСЃСЃР±СЂР°СѓР·РµСЂРЅР°СЏ РІРµСЂСЃС‚РєР° HTML5, CSS3, JS (ES5, ES6+), W3C РЈС‡Р°СЃС‚РІРѕРІР°С‚СЊ РІ СЂР°Р·СЂР°Р±РѕС‚РєРµ РёРЅС‚РµСЂРµСЃРЅС‹С…, РЅРµСЃС‚Р°РЅРґР°СЂС‚РЅС‹С…, РїСЂРѕРґСѓРєС‚РѕРІ Р Р°Р·СЂР°Р±Р°С‚С‹РІР°С‚СЊ РЅРѕРІС‹Р№ С„СѓРЅРєС†РёРѕРЅР°Р» Рё РёРЅС‚РµСЂС„РµР№СЃС‹ РЈС‡Р°СЃС‚РёРµ РІ СЂР°Р·РІРёС‚РёРё РЅРѕРІС‹С… РїСЂРѕРґСѓРєС‚РѕРІ  Р§С‚Рѕ РјС‹ РїСЂРµРґР»Р°РіР°РµРј:  РћС‚Р»Р°Р¶РµРЅРЅС‹Рµ РїСЂРѕС†РµСЃСЃС‹ СЂР°Р·СЂР°Р±РѕС‚РєРё РќРµС‚СЂРёРІРёР°Р»СЊРЅС‹Рµ Рё РёРЅС‚РµСЂРµСЃРЅС‹Рµ Р·Р°РґР°С‡Рё Р—Р°СЂР°Р±РѕС‚РЅР°СЏ РїР»Р°С‚Р° РїРѕ СЂРµР·СѓР»СЊС‚Р°С‚Р°Рј СЃРѕР±РµСЃРµРґРѕРІР°РЅРёСЏ РЎС‚Р°Р±РёР»СЊРЅС‹Рµ Рё СЃРІРѕРµРІСЂРµРјРµРЅРЅС‹Рµ РІС‹РїР»Р°С‚С‹ Р·Р°СЂР°Р±РѕС‚РЅРѕР№ РїР»Р°С‚С‹ 2 СЂР°Р·Р° РІ РјРµСЃСЏС† Р“СЂР°С„РёРє 5/2 РІСЂРµРјСЏ РЅР° РІС‹Р±РѕСЂ: 9-18/ 10-19/ 11-20 РћС„РѕСЂРјР»РµРЅРёРµ РїРѕ РўРљ Р Р¤ (РѕРїР»Р°С‡РёРІР°РµРјС‹Рµ Р±РѕР»СЊРЅРёС‡РЅС‹Рµ Р»РёСЃС‚С‹ Рё РѕС‚РїСѓСЃРє) Р”СЂСѓР¶РЅР°СЏ РєРѕРјР°РЅРґР°, РІ РєРѕС‚РѕСЂРѕР№ С†Р°СЂРёС‚ СѓСЋС‚РЅР°СЏ СЂР°Р±РѕС‡Р°СЏ Р°С‚РјРѕСЃС„РµСЂР° РћС„РёСЃ РІ С€Р°РіРѕРІРѕР№ РґРѕСЃС‚СѓРїРЅРѕСЃС‚Рё РѕС‚ Рј. Р‘Р°Р±СѓС€РєРёРЅСЃРєР°СЏ, Р‘Р¦ Р”РµР¶РЅРµРІ РџР»Р°Р·Р° ",JavaScript CSS3 Git HTML5 Sas,https://hh.ru/vacancy/48920972?from=vacancy_search_list&query=frontend
Frontend-СЂР°Р·СЂР°Р±РѕС‚С‡РёРє,РѕС‚ 150В 000 СЂСѓР±. РЅР° СЂСѓРєРё,РћРћРћВ Р®РќРРњ,"РњРѕСЃРєРІР°, РџРѕРґСЃРѕСЃРµРЅСЃРєРёР№ РїРµСЂРµСѓР»РѕРє, 23СЃ6",https://hh.ru/search/vacancy/map?vacancy_id=48699169,РўСЂРµР±СѓРµРјС‹Р№ РѕРїС‹С‚ СЂР°Р±РѕС‚С‹: 1вЂ“3 РіРѕРґР°,"РџРѕР»РЅР°СЏ Р·Р°РЅСЏС‚РѕСЃС‚СЊ, РїРѕР»РЅС‹Р№ РґРµРЅСЊ","Р§РµРј РјС‹ Р·Р°РЅРёРјР°РµРјСЃСЏ: * Р Р°Р·СЂР°Р±Р°С‚С‹РІР°РµРј СЃР»РѕР¶РЅС‹Р№ РјРЅРѕРіРѕРєРѕРјРїРѕРЅРµРЅС‚РЅС‹Р№ СЃРѕС„С‚ РґР»СЏ РѕРЅРєРѕРґРёР°РіРЅРѕСЃС‚РёРєРё СЃ РїСЂРёРјРµРЅРµРЅРёРµРј СЃРѕРІСЂРµРјРµРЅРЅС‹С… С‚РµС…РЅРѕР»РѕРіРёР№; * РњРЅРѕРіРѕ СЌРєСЃРїРµСЂРёРјРµРЅС‚РёСЂСѓРµРј СЃ С‚РµС…РЅРѕР»РѕРіРёСЏРјРё Рё РёРЅСЃС‚СЂСѓРјРµРЅС‚Р°РјРё; * РђРєС‚РёРІРЅРѕ РёСЃРїРѕР»СЊР·СѓРµРј Р»РёРЅС‚РµСЂС‹, Р°РІС‚РѕСЃР±РѕСЂРєРё, Р°РІС‚РѕС‚РµСЃС‚С‹ Рё РїСЂРѕС‡РёРµ СЃРѕРІСЂРµРјРµРЅРЅС‹Рµ РІРµС‰Рё. РљР°РєРёРµ С‚РµС…РЅРѕР»РѕРіРёРё РјС‹ РёСЃРїРѕР»СЊР·СѓРµРј: * React (hooks) Рё Typescript - РІ РЅРѕРІС‹С… РїСЂРѕРµРєС‚Р°С…; * Vue - РІ СЃС‚Р°СЂС‹С… РїСЂРѕРµРєС‚Р°С…; * Svelte + SvelteKit + Typescript РґР»СЏ РјРёРєСЂРѕС„СЂРѕРЅС‚РµРЅРґРѕРІ РїРѕ РѕСЃРѕР±С‹Рј СЃР»СѓС‡Р°СЏРј; * Rollup, Webpack, SCSS, Jest Рё РјРЅРѕРіРѕРµ РґСЂСѓРіРѕРµ РєР°Рє РІСЃРїРѕРјРѕРіР°С‚РµР»СЊРЅС‹Рµ РёРЅСЃС‚СЂСѓРјРµРЅС‚С‹; * Node.JS; * Docker/docker-compose; * Gitlab Рё Gitlab CI.   Р§РµРј С‚РµР±Рµ РїСЂРµРґСЃС‚РѕРёС‚ Р·Р°РЅРёРјР°С‚СЊСЃСЏ: * РџРёСЃР°С‚СЊ Рё РїРѕРґРґРµСЂР¶РёРІР°С‚СЊ РЅРѕРІС‹Р№ РєРѕРґ РЅР° React; * Р РµС„Р°РєС‚РѕСЂРёС‚СЊ Рё РїРѕРґРґРµСЂР¶РёРІР°С‚СЊ СЃС‚Р°СЂС‹Р№ РєРѕРґ РЅР° Vue; * РР·СЂРµРґРєР° РїРѕРґРґРµСЂР¶РёРІР°С‚СЊ СЃС‚Р°СЂС‹Р№ РєРѕРґ РЅР° Node.JS РґР»СЏ СЃРѕРІРјРµСЃС‚РёРјРѕСЃС‚Рё СЃ РЅРѕРІС‹Рј РєРѕРґРѕРј; * Р­РєСЃРїРµСЂРёРјРµРЅС‚РёСЂРѕРІР°С‚СЊ Рё СЂРµС€Р°С‚СЊ РЅРµСЃС‚Р°РЅРґР°СЂС‚РЅС‹Рµ Р·Р°РґР°С‡Рё РЅР° Svelte; * РџСЂРѕРІРѕРґРёС‚СЊ Рё РїСЂРѕС…РѕРґРёС‚СЊ СЂРµРІСЊСЋ; * Рё СЂРµС€Р°С‚СЊ РґСЂСѓРіРёРµ frontend-Р·Р°РґР°С‡Рё.   Р§РµРіРѕ РјС‹ Р¶РґРµРј: * РћС‚Р»РёС‡РЅРѕРµ Р·РЅР°РЅРёРµ JS (Р°СЃРёРЅС…СЂРѕРЅРЅС‹Рµ РѕРїРµСЂР°С†РёРё, ES6-СЃРёРЅС‚Р°РєСЃРёСЃ Рё С‚. Рґ.); * РћРїС‹С‚ РєРѕРјРјРµСЂС‡РµСЃРєРѕР№ СЂР°Р·СЂР°Р±РѕС‚РєРё РЅР° Р±Р°Р·Рµ Р»СЋР±С‹С… UI-С„СЂРµР№РјРІРѕСЂРєРѕРІ (React, Vue, Svelte Рё РґСЂ.); * Р–РµР»Р°РЅРёРµ СЂР°Р±РѕС‚Р°С‚СЊ СЃРѕ Vue Рё React (hooks); * Р—РЅР°РЅРёРµ HTML+CSS; * РЈРјРµРЅРёРµ СЂР°Р±РѕС‚Р°С‚СЊ СЃ Docker/docker-compose; * РћРїС‹С‚ СЂР°Р±РѕС‚С‹ СЃ СЃРѕРІСЂРµРјРµРЅРЅС‹Рј frontend-СЃС‚РµРєРѕРј (Р»РёРЅС‚РµСЂС‹, Р±Р°РЅРґР»РµСЂС‹, С‚СЂР°РЅСЃРїРёР»СЏС‚РѕСЂС‹, CSS-extensions etc); * Р—Р°РёРЅС‚РµСЂРµСЃРѕРІР°РЅРЅРѕСЃС‚СЊ РІРѕ frontend-СЂР°Р·СЂР°Р±РѕС‚РєРµ Рё Р¶РµР»Р°РЅРёРµ РІ РЅРµР№ СЂР°Р·РІРёРІР°С‚СЊСЃСЏ. РџР»СЋСЃРѕРј Р±СѓРґРµС‚: * РћРїС‹С‚ СЂР°Р±РѕС‚С‹ СЃ Typescript / Svelte / Rollup; * РћРїС‹С‚ Р±СЌРєРµРЅРґ-СЂР°Р·СЂР°Р±РѕС‚РєРё вЂ” Node.JS, SQL Рё С‚.Рґ.; * Р”СѓС… СЌРєСЃРїРµСЂРёРјРµРЅС‚Р°С‚РѕСЂСЃС‚РІР°.   РџСЂРµРёРјСѓС‰РµСЃС‚РІР° СЂР°Р±РѕС‚С‹ СЃ РЅР°РјРё: * Р›СЋР±РёРј РїСЂРѕР±РѕРІР°С‚СЊ РЅРѕРІРѕРµ Рё РёРЅС‚РµСЂРµСЃРЅРѕРµ РґР»СЏ СЂРµС€РµРЅРёР№ Р·Р°РґР°С‡ вЂ” СЃС‚РµРє С‚РµС…РЅРѕР»РѕРіРёР№ Рё Р°СЂС…РёС‚РµРєС‚СѓСЂРЅС‹С… СЂРµС€РµРЅРёР№ РѕРіСЂР°РЅРёС‡РµРЅ С‚РѕР»СЊРєРѕ Р·РґСЂР°РІС‹Рј СЃРјС‹СЃР»РѕРј; * РРЅС‚РµСЂРµСЃРЅС‹Рµ Р»СЋРґРё РІРѕРєСЂСѓРі вЂ” РІ РїСЂРѕС†РµСЃСЃРµ СЂР°Р±РѕС‚С‹ РЅР°Рґ РЅРµРєРѕС‚РѕСЂС‹РјРё Р·Р°РґР°С‡Р°РјРё РјРѕР¶РЅРѕ (Р° РёРЅРѕРіРґР° Рё РЅСѓР¶РЅРѕ) РѕР±С‰Р°С‚СЊСЃСЏ СЃ РІСЂР°С‡Р°РјРё-РґРёР°РіРЅРѕСЃС‚Р°РјРё Рё РїРµСЂСЃРѕРЅР°Р»РѕРј Р»Р°Р±РѕСЂР°С‚РѕСЂРёРё. РњРѕР¶РЅРѕ РїСЂРёРµС…Р°С‚СЊ РІ Р»Р°Р±РѕСЂР°С‚РѕСЂРёСЋ РІ РЎРєРѕР»РєРѕРІРѕ Рё РїРѕР»СѓС‡РёС‚СЊ РїРµСЂСЃРѕРЅР°Р»СЊРЅСѓСЋ СЌРєСЃРєСѓСЂСЃРёСЋ ;) * РљСЂСѓС‚РѕР№ РєРѕРЅС‚РµРєСЃС‚. РЎРѕС„С‚ РІ РѕРЅРєРѕРґРёР°РіРЅРѕСЃС‚РёС‡РµСЃРєРѕР№ Р»Р°Р±РѕСЂР°С‚РѕСЂРёРё РєСЂСѓС‡Рµ РѕРЅР»Р°Р№РЅ-РјР°РіР°Р·РёРЅРѕРІ РёР»Рё РґРѕСЃС‚Р°РІРєРё РµРґС‹ ;) * РћС‚РєСЂС‹С‚Р°СЏ Рё РґСЂСѓР¶РµР»СЋР±РЅР°СЏ РєРѕРјР°РЅРґР°, РіРѕС‚РѕРІР°СЏ СЂР°СЃСЃРєР°Р·Р°С‚СЊ/РїРѕСЃРѕРІРµС‚РѕРІР°С‚СЊ/РїРѕРјРѕС‡СЊ; * Р’СЃРµ РёСЃРїРѕР»СЊР·СѓРµРјС‹Рµ С‚РµС…РЅРѕР»РѕРіРёРё вЂ” СЃРѕРІСЂРµРјРµРЅРЅС‹Рµ (РґР°Р¶Рµ РІ Р»РµРіР°СЃРё); * РџРѕР»РЅР°СЏ СѓРґР°Р»С‘РЅРєР° СЃ РіРёР±РєРёРј СЂР°Р±РѕС‡РёРј РіСЂР°С„РёРєРѕРј вЂ” РјРѕР¶РЅРѕ РґР°Р¶Рµ РјРµРЅСЏС‚СЊ РјРµСЃС‚Р°РјРё СЂР°Р±РѕС‡РёРµ РґРЅРё.",JavaScript TypeScript Git Adobe Photoshop Webpac,https://hh.ru/vacancy/48699169?from=vacancy_search_list&query=frontend
Front-end СЂР°Р·СЂР°Р±РѕС‚С‡РёРє,РѕС‚ 300В 000 РґРѕ 700В 000 СЂСѓР±. РґРѕ РІС‹С‡РµС‚Р° РЅР°Р»РѕРіРѕРІ,PointPay,РњРѕСЃРєРІР°,,РўСЂРµР±СѓРµРјС‹Р№ РѕРїС‹С‚ СЂР°Р±РѕС‚С‹: Р±РѕР»РµРµ 6 Р»РµС‚,"РџРѕР»РЅР°СЏ Р·Р°РЅСЏС‚РѕСЃС‚СЊ, СѓРґР°Р»РµРЅРЅР°СЏ СЂР°Р±РѕС‚Р°","РњС‹ вЂ“ РєСЂРёРїС‚РѕРІР°Р»СЋС‚РЅР°СЏ Р±Р°РЅРєРѕРІСЃРєР°СЏ СЌРєРѕСЃРёСЃС‚РµРјР°, РІС…РѕРґСЏС‰Р°СЏ РІ 5-РєСѓ Р»РёРґРµСЂРѕРІ СЃРІРѕРµРіРѕ РЅР°РїСЂР°РІР»РµРЅРёСЏ. РќР°С€Р° РєРѕРјРїР°РЅРёСЏ СЂР°СЃС‚РµС‚ Рё СЂР°Р·РІРёРІР°РµС‚СЃСЏ, РІ СЃРІСЏР·Рё СЃ СЌС‚РёРј РјС‹ СЃРµР№С‡Р°СЃ РІ РїРѕРёСЃРєРµ СЃРїРµС†РёР°Р»РёСЃС‚РѕРІ РґР»СЏ РѕС‚РґРµР»Р° СЂР°Р·СЂР°Р±РѕС‚РєРё, С‡С‚РѕР±С‹ РІРјРµСЃС‚Рµ СЃРѕР·РґР°РІР°С‚СЊ СЂРµРІРѕР»СЋС†РёРѕРЅРЅС‹Р№ Рё СЃР°РјС‹Р№ С‚РµС…РЅРѕР»РѕРіРёС‡РЅС‹Р№ РїСЂРѕРґСѓРєС‚ РІ РјРёСЂРµ.   РћР±СЏР·Р°РЅРЅРѕСЃС‚Рё СЃРѕС‚СЂСѓРґРЅРёРєР°: вЂў РµР¶РµРґРЅРµРІРЅРѕ РѕР±С‰Р°С‚СЊСЃСЏ СЃ РїСЂРѕРµРєС‚РЅС‹Рј РјРµРЅРµРґР¶РµСЂРѕРј, РґРёР·Р°Р№РЅРµСЂР°РјРё Рё РєРѕРјР°РЅРґРѕР№ СЂР°Р·СЂР°Р±РѕС‚С‡РёРєРѕРІ С‡РµСЂРµР· СЃРёСЃС‚РµРјСѓ С‚РёРєРµС‚РѕРІ; вЂў СЃРѕР·РґР°РІР°С‚СЊ РєСЂР°СЃРёРІС‹Рµ Р°РґР°РїС‚РёРІРЅС‹Рµ СЃС‚СЂР°РЅРёС†С‹, РёСЃРїРѕР»СЊР·СѓСЏ СЃР°РјС‹Рµ РёРЅРЅРѕРІР°С†РёРѕРЅРЅС‹Рµ СЂРµС€РµРЅРёСЏ; вЂў РїСЂРёРЅРёРјР°С‚СЊ СѓС‡Р°СЃС‚РёРµ РІ РѕР±СЃСѓР¶РґРµРЅРёРё Р»СѓС‡С€РёС… Рё РЅР°РёР±РѕР»РµРµ СЌС„С„РµРєС‚РёРІРЅС‹С… СЂРµС€РµРЅРёР№ РґР»СЏ РїСЂРѕРµРєС‚Р°   РћР±СЏР·Р°С‚РµР»СЊРЅС‹Рµ С‚СЂРµР±РѕРІР°РЅРёСЏ: вЂў РѕРїС‹С‚ РІ СЃРѕР·РґР°РЅРёРё РІРµР±-РїСЂРёР»РѕР¶РµРЅРёР№ РІ РїСЂРѕС„РµСЃСЃРёРѕРЅР°Р»СЊРЅРѕР№ РєРѕРјР°РЅРґРµ (>3-С… Р»РµС‚); вЂў Angular 8, Angular 7. вЂў С…РѕСЂРѕС€РёРµ РЅР°РІС‹РєРё NGRX (Redux), HTML + CSS вЂў pixelperfect вЂў SCSS вЂў Jira, Bitbucket, Figma, npm, RxJs.   Р‘СѓРґРµС‚ РїР»СЋСЃРѕРј: вЂў Р·РЅР°РЅРёРµ С€Р°Р±Р»РѕРЅРѕРІ РїРѕР»СЊР·РѕРІР°С‚РµР»СЊСЃРєРѕРіРѕ РёРЅС‚РµСЂС„РµР№СЃР° Рё РјРµС‚РѕРґРѕРІ РїСЂРѕРµРєС‚РёСЂРѕРІР°РЅРёСЏ Рё СЂР°Р·СЂР°Р±РѕС‚РєРё РІРµР±-РїСЂРёР»РѕР¶РµРЅРёР№. РЈСЃР»РѕРІРёСЏ СЂР°Р±РѕС‚С‹: вЂў Р·Р°СЂР°Р±РѕС‚РЅР°СЏ РїР»Р°С‚Р° РІС‹С€Рµ СЂС‹РЅРєР° (РѕР±СЃСѓР¶РґР°РµС‚СЃСЏ РЅР° СЃРѕР±РµСЃРµРґРѕРІР°РЅРёРё). Р’РѕР·РјРѕР¶РЅРѕСЃС‚Рё РєРѕРјРїР°РЅРёРё РЅРµ РѕРіСЂР°РЅРёС‡РµРЅС‹ - РІС‹ Р±СѓРґРµС‚Рµ РїСЂРёСЏС‚РЅРѕ СѓРґРёРІР»РµРЅС‹. вЂў СѓРґР°Р»С‘РЅРЅР°СЏ СЂР°Р±РѕС‚Р° 5/2 Рё РіРёР±РєРёР№ РіСЂР°С„РёРє; вЂў РёРЅС‚РµСЂРµСЃРЅС‹Рµ Рё Р¶РёРІС‹Рµ РїСЂРѕРµРєС‚С‹, РЅРµСЃС‚Р°РЅРґР°СЂС‚РЅС‹Рµ Р·Р°РґР°С‡Рё, РІРѕР·РјРѕР¶РЅРѕСЃС‚СЊ РІР»РёСЏС‚СЊ РЅР° РїСЂРѕРґСѓРєС‚; вЂў РЅРёР·РєРёР№ СѓСЂРѕРІРµРЅСЊ Р±СЋСЂРѕРєСЂР°С‚РёРё Рё РєРѕРЅС‚СЂРѕР»СЏ; вЂў СЃРѕС‚СЂСѓРґРЅРёС‡РµСЃС‚РІРѕ СЃ СЃСѓРїРµСЂР·РІС‘Р·РґРЅРѕР№ РєРѕРјР°РЅРґРѕР№; вЂў СЂРµР°Р»СЊРЅС‹Рµ РїРµСЂСЃРїРµРєС‚РёРІС‹ СЂРѕСЃС‚Р° Рё РІРѕР·РјРѕР¶РЅРѕСЃС‚Рё СЂР°Р·РІРёРІР°С‚СЊ СЃРІРѕРё РЅР°РІС‹РєРё РІ РјРёСЂРѕРІРѕР№ РєРѕРјРїР°РЅРёРё, СЂР°Р·СЂР°Р±Р°С‚С‹РІР°СЏ Рё РІРЅРµРґСЂСЏСЏ СЃРІРѕРё РёРґРµРё РґР»СЏ РЅР°С€РµРіРѕ РѕРіСЂРѕРјРЅРѕРіРѕ СЃРѕРѕР±С‰РµСЃС‚РІР° РїРѕР»СЊР·РѕРІР°С‚РµР»РµР№.",CSS JavaScript Angular TypeScript HTM,https://hh.ru/vacancy/49033557?from=vacancy_search_list&query=frontend
